{ "type" : "object",
  "additionalProperties" : false,
  "properties" : {
    "_id" : {
      "type"      : "string",
      "minLength" : 25,
      "maxLength" : 25
    },
    "name" : {
      "type"      : "string",
      "minLength" : 2,
      "maxLength" : 127
    },
    "is_online" : {
      "type"      : "boolean"
    },
    "css_map": {
      "type" : "object",
      "additionalProperties" : false,
      "properties" : {
        "background-color" : {
          "required"  : true,
          "type"      : "string",
          "minLength" : 0,
          "maxLength" : 25
        },
        "top" : {
          "required" : true,
          "type"     : "integer"
        },
        "left" : {
          "required" : true,
          "type"     : "integer"
        }
      }
    }
  }
}
